THP,Max_Power
323.15,6.812012313959519e-08
373.15,5.54651469993357e-07
423.15,1.931375802581619e-06
473.15,4.630768222597891e-06
523.15,9.232388652858647e-06
573.15,1.6557648108781707e-05
623.15,2.672155479045998e-05
673.15,3.873017295477697e-05
723.15,5.115853088601649e-05
773.15,6.285548695428178e-05
